strategy,round,loss,rmse,mae,r2
fedavg,0,4.134466124154859,24250.156288156166,20810.46875,-3.198612761198425
fedavg,1,0.3557839197225293,7751.989422077407,4367.265625,0.5709547843875915
fedavg,2,0.2649404981669595,6743.240467312433,3659.807861328125,0.6753510569723428
fedavg,3,0.2621435875758723,6762.98868844241,3609.002197265625,0.6734467362765598
fedavg,4,0.33279710610508323,7820.327103133219,4008.931396484375,0.5633569487129007
fedavg,5,0.3709709508309034,8485.180021661297,4271.03125,0.48595772110629
fedavg,6,0.3143000232808688,7590.476401386148,4009.55712890625,0.5886469012865949
fedavg,7,0.39681637423148486,8668.559280526379,4340.65576171875,0.4634989800680924
fedavg,8,0.291934996843338,7543.867708278029,4275.6962890625,0.5936831450649868
fedavg,9,0.2848231551669904,7194.05615769018,3877.686767578125,0.6304915642374069
fedavg,10,0.3023466757361365,7408.102051132935,4097.4580078125,0.6081763739514108
fedavg,11,0.37636934569779945,8457.254400808812,4200.67724609375,0.4893357102412521
fedavg,12,0.3238852723551131,7910.175724976026,4496.7119140625,0.5532660406672769
fedavg,13,0.33579983162425586,7737.75161141788,4546.1298828125,0.5725293548675496
fedavg,14,0.3569790671916759,8001.908772286773,4671.0244140625,0.5428445317781592
fedavg,15,0.3650170595739168,8031.04526198178,4693.779296875,0.5395093086825737
fedavg,16,0.3460536630545839,7901.205730772994,4284.14013671875,0.5542786395776758
fedavg,17,0.4233863816009003,9005.571164562523,4608.24267578125,0.42097240704634153
fedavg,18,0.46279011593539354,9329.282073128672,4911.23291015625,0.3785972457497362
fedavg,19,0.3486041822428689,8005.41916454098,4597.9287109375,0.5424433581700969
fedavg,20,0.29530386494448335,7509.983488663607,3984.014892578125,0.5973249754373928
fedavg,21,0.3218896571124569,7746.82825419539,4138.10888671875,0.5715259075375936
fedavg,22,0.3195689125556346,7723.492474263181,4058.673583984375,0.574103397371713
fedavg,23,0.3832806604750895,8451.938475876406,4292.2470703125,0.4899774354878109
fedavg,24,0.3661389762018186,8179.055202161188,4314.79296875,0.5223794566730157
fedavg,25,0.3281206680067564,7694.583549484663,4185.77734375,0.5772856834787456
fedavg,26,0.3746453489260066,8442.801430804824,4670.28857421875,0.4910796142913896
fedavg,27,0.36405442736542215,8093.426962665444,4332.015625,0.5323277232580846
fedavg,28,0.3840112656041038,8318.800394287628,4498.09521484375,0.5059190193072536
fedavg,29,0.441001388140643,8902.601417563295,4922.55322265625,0.4341379528008412
fedavg,30,0.37146042912839766,8119.116700725517,4350.30224609375,0.529354104917942
fedavg,31,0.4238293120112558,9068.57122153209,4698.9912109375,0.4128426944223933
fedavg,32,0.4984958179765862,9873.089080931053,5499.00390625,0.3040423117455373
fedavg,33,0.5459667392814889,9947.355829565966,4979.07861328125,0.29353277755863527
fedavg,34,0.36776456601521673,8413.504858262102,4453.51318359375,0.4946053779849111
fedavg,35,0.3836691874259692,8457.355142123333,4551.12548828125,0.48932350813399506
fedavg,36,0.29675158349014336,7449.359704028259,3751.552490234375,0.6037998652605772
fedavg,37,0.3017411072221898,7551.0799227660145,3769.23193359375,0.5929058473671255
fedavg,38,0.5386805951057251,9816.755879617258,4922.5634765625,0.3119615380193024
fedavg,39,0.3136749953001648,7688.692216495599,3975.080810546875,0.5779327471472295
fedavg,40,0.4123769443007625,8713.044473661315,4585.6728515625,0.4579784064939615
fedprox,0,4.134466124154859,24250.156288156166,20810.46875,-3.198612761198425
fedprox,1,0.3429302061154108,7835.921132834353,4338.9365234375,0.5616138366264553
fedprox,2,0.2773248827535147,6991.488825708012,3746.45166015625,0.6510075303427689
fedprox,3,0.2897538661269271,7203.880343259458,3734.81298828125,0.6294816638699594
fedprox,4,0.26352632404449833,6855.508733857758,3806.82373046875,0.6644508793612853
fedprox,5,0.23057855353312362,6537.518489457601,3454.776611328125,0.6948575920220745
fedprox,6,0.23729848688320745,6585.230443955626,3516.484619140625,0.6903873676276686
fedprox,7,0.24215182061181026,6791.36805069494,3758.937255859375,0.6707003528520901
fedprox,8,0.2388234237281824,6629.112157747823,3554.17236328125,0.6862473040969279
fedprox,9,0.2376268484228951,6787.716258065006,3737.921630859375,0.6710543899544744
fedprox,10,0.24858597178038289,6992.512281004589,3824.132080078125,0.6509053376944915
fedprox,11,0.24691324929894512,6838.5129962587625,3785.490478515625,0.6661125658473812
fedprox,12,0.3034597286130624,7670.759545181951,4138.2607421875,0.5798992516588413
fedprox,13,0.2580133798787204,6886.128375219271,3864.403564453125,0.6614467850849888
fedprox,14,0.2258148768107774,6571.269283783765,3416.591064453125,0.6916987715059207
fedprox,15,0.311638594271546,7773.327472839414,4173.115234375,0.5685895701549597
fedprox,16,0.24895510741078866,6881.555056816736,3781.360595703125,0.66189632714225
fedprox,17,0.24915548907957202,6920.352014168066,3817.975830078125,0.6580732544122937
fedprox,18,0.23043157764100503,6648.572779175994,3521.187744140625,0.6844024980060115
fedprox,19,0.2722698338890267,7238.634401598136,3632.126708984375,0.6258980281629329
fedprox,20,0.33854256909613384,8173.343501896883,4266.087890625,0.5230462901018149
fedprox,21,0.2156927003754058,6540.144952522077,3399.459228515625,0.6946123472654022
fedprox,22,0.22355068448852514,6637.245211682329,3404.91259765625,0.6854769874123531
fedprox,23,0.30550737549721774,7799.95641013461,3927.081787109375,0.5656287405618461
fedprox,24,0.22462650155321645,6704.911035949694,3411.840576171875,0.6790312535858356
fedprox,25,0.2227492725089895,6694.595432137778,3381.5498046875,0.6800181283422335
fedprox,26,0.22714442197782703,6822.680411685718,3393.635498046875,0.6676568070511284
fedprox,27,0.23590058964138164,7201.7372904043095,3761.31396484375,0.6297020937642773
fedprox,28,0.23841264864865133,7240.556608438332,3797.459716796875,0.6256993039401777
fedprox,29,0.2092098984773922,6669.918740134695,3319.36328125,0.6823727243949925
fedprox,30,0.25860212225403445,7435.402073862583,3536.450439453125,0.6052831839240053
fedprox,31,0.2231489011911356,7210.824363413659,3681.185546875,0.6287670192997445
fedprox,32,0.21807522189951947,6842.92013690062,3471.163330078125,0.665682089582709
fedprox,33,0.33390792627391985,8446.117214436466,4266.86669921875,0.4906797606228144
fedprox,34,0.24625971350620837,7363.345706945994,3454.6728515625,0.6128965068886763
fedprox,35,0.21833192064252158,6901.149759279247,3321.086669921875,0.6599681302077479
fedprox,36,0.24629920030548916,7398.7525975667,3830.22412109375,0.6091647446392271
fedprox,37,0.21843384210031513,6911.844037592284,3373.760009765625,0.6589134692256988
fedprox,38,0.28972658248190414,7789.9928112932175,3872.4501953125,0.5667377830507567
fedprox,39,0.23505935609460235,7320.955948508364,3712.32568359375,0.6173406844772066
fedprox,40,0.22065819238677786,7011.949229707813,3314.4658203125,0.6489619174579069
scaffold,0,4.134466124154859,24250.156288156166,20810.46875,-3.198612761198425
scaffold,1,0.3205416303729581,7600.96335999589,4239.53271484375,0.5875094654327208
scaffold,2,0.2742412092393954,6542.199324386257,3722.435791015625,0.6944204573959905
scaffold,3,0.2709445946493981,6775.11328318575,3661.1572265625,0.6722748060040937
scaffold,4,0.26427693853347206,6823.001978601501,3656.181884765625,0.6676254804873052
scaffold,5,0.26669861575067344,6988.295643431236,3692.844482421875,0.6513262517308807
scaffold,6,0.2738491196032154,7088.459353061143,4001.5927734375,0.6412594839118735
scaffold,7,0.2632192836302812,6916.5352597959045,3727.991455078125,0.6584502877937393
scaffold,8,0.3657979664048077,8487.933081734327,4247.69580078125,0.4856240990679702
scaffold,9,0.2829186598599376,7306.062687932536,4135.2998046875,0.6188960131726441
scaffold,10,0.2731006769024381,7127.998877665456,3817.92822265625,0.6372461932358557
scaffold,11,0.2971186808561729,7626.319164577365,4274.8515625,0.5847528451442301
scaffold,12,0.3375743477490386,8026.346117630363,4026.636962890625,0.5400480199851745
scaffold,13,0.3295386095821798,7797.0568806441315,4205.14990234375,0.5659516270923388
scaffold,14,0.3383263086483495,8019.0161491295175,4552.62109375,0.5408877361547735
scaffold,15,0.34218545051790406,7869.617017364949,4319.7265625,0.5578354658471231
scaffold,16,0.33342090987393946,7773.269839649207,4217.50146484375,0.5685959645284742
scaffold,17,0.3816909796017462,8303.521662523679,4785.5322265625,0.507732264178438
scaffold,18,0.35559466067204626,7859.069156076946,4373.09130859375,0.5590199502107093
scaffold,19,0.4392895333005588,8996.006669628474,4769.65478515625,0.4222017106885062
scaffold,20,0.42719351100467273,8969.998885172728,4543.84130859375,0.42553775507977243
scaffold,21,0.3942126189933019,8627.139502755244,4589.955078125,0.468613716247974
scaffold,22,0.4033893393119097,8674.341473564435,4929.58837890625,0.4627829862264021
scaffold,23,0.4389797593191371,8827.830084454503,5098.3017578125,0.4436031508656808
scaffold,24,0.34565832604137564,7940.126699241014,4315.43994140625,0.5498766120567613
scaffold,25,0.4124829947926037,8874.90799952315,4438.4697265625,0.4376529223225585
scaffold,26,0.3650972606873919,8173.740392256167,4278.32275390625,0.5229999748918177
scaffold,27,0.4408530927110938,8982.184144182305,4965.02294921875,0.4239759440148546
scaffold,28,0.41094086393190843,8764.911408565406,4798.20068359375,0.4515061272177623
scaffold,29,0.4230789118030724,8722.610618387134,4778.89892578125,0.45678758642083805
scaffold,30,0.3173908609654026,7505.03510984459,4011.32958984375,0.5978554737831859
scaffold,31,0.3694429574842558,8399.22615483117,4478.65576171875,0.49631936340667815
scaffold,32,0.4105704363394405,8614.23287356454,4662.2705078125,0.4702024540784253
scaffold,33,0.3115234633939436,7566.855621722936,3908.555419921875,0.5912030960969917
scaffold,34,0.3750882719679845,8477.651561605962,4481.1142578125,0.486869476639887
scaffold,35,0.3877510350111614,8496.764089934473,4508.279296875,0.48455318816423754
scaffold,36,0.3706368972568837,8380.823825853877,4409.56884765625,0.4985240143337215
scaffold,37,0.34964560559663993,8355.505011667457,4307.8134765625,0.5015493743017521
scaffold,38,0.27197617802062746,7292.962086834128,3631.460693359375,0.6202615052378719
scaffold,39,0.3558787806342574,8336.168424402185,4281.4453125,0.5038538126540075
scaffold,40,0.28774767922781175,7390.3399109919155,3719.104736328125,0.6100530345819453
hybrid,0,4.134466124154859,24250.156288156166,20810.46875,-3.198612761198425
hybrid,1,7.358853405672186,43128.06158407772,37640.640625,-12.279955058700349
hybrid,2,0.31866541286648337,7321.01632288851,4088.874267578125,0.6173343487676692
hybrid,3,0.3111063451800447,7054.492185834499,4078.8759765625,0.6446893320026779
hybrid,4,0.42674771915288007,8309.089962204043,4654.46533203125,0.5070718251231533
hybrid,5,0.444217046709692,8486.249112534937,4744.1904296875,0.4858281910446388
hybrid,6,0.24797237185441862,6482.544562129905,3652.873291015625,0.6999678990716778
hybrid,7,0.2857564750800998,6933.946062668789,4054.87353515625,0.6567285880589708
hybrid,8,0.27135467514350875,6732.0246583030275,3813.69091796875,0.6764300928369171
hybrid,9,0.31136628910674974,7234.89433233133,4279.56982421875,0.6262845064447072
hybrid,10,0.3028548395143469,7432.599545246602,4270.2255859375,0.6055806689523717
hybrid,11,0.3249329152547847,7436.071543496606,3924.81005859375,0.6052120831836424
hybrid,12,0.3042946285087103,7338.699067273436,4290.1669921875,0.6154835882830674
hybrid,13,0.2994864109825108,7134.78717271931,4021.611083984375,0.6365549555925425
hybrid,14,0.32982813460059246,7662.13703871185,4441.10595703125,0.5808431550519423
hybrid,15,0.3414883887994971,7604.592296763844,4466.3388671875,0.5871154781618652
hybrid,16,0.3358570304115414,7503.42455149647,4278.9931640625,0.5980280338721111
hybrid,17,0.39402767026436364,8414.428560514374,4417.01025390625,0.49449438574005433
hybrid,18,0.49733482583714583,9156.40540823745,5092.50830078125,0.40141371972088147
hybrid,19,0.29825793579968074,7099.132059625317,3910.32470703125,0.6401783948080972
hybrid,20,0.3484458201971193,7843.800099441596,4088.808837890625,0.5607318237292972
hybrid,21,0.3694730930127495,8211.605933068147,4706.0947265625,0.5185702579736664
hybrid,22,0.3696658508768053,8145.423745883329,4192.6767578125,0.5262992369693814
hybrid,23,0.41845215081331605,8481.640878980907,4894.31689453125,0.4863864374516462
hybrid,24,0.3685546450264595,7999.978499971109,4345.43212890625,0.5430650790004315
hybrid,25,0.356197566959779,7904.2593580929515,4236.7548828125,0.55393404737562
hybrid,26,0.4117467120334641,8502.526683286564,4801.77294921875,0.483853796228094
hybrid,27,0.385818102676328,8061.378790256665,4468.27880859375,0.5360241404612724
hybrid,28,0.4090628029111634,8572.540346945007,4698.5126953125,0.47531842220182796
hybrid,29,0.39098630567551135,8160.09117596121,4418.50439453125,0.5245917339170947
hybrid,30,0.3448429490731975,7678.8579880083735,4179.6357421875,0.5790117243478268
hybrid,31,0.3910639334765217,8480.411310779684,4576.634765625,0.48653532662577237
hybrid,32,0.3958290294036942,8510.533708293506,4568.23486328125,0.4828812061501436
hybrid,33,0.4094730626974804,8541.358205812468,4579.7783203125,0.47912853019282375
hybrid,34,0.41622663142090455,8531.125599825617,4588.5380859375,0.48037578501201084
hybrid,35,0.32971605762032236,7696.784003725193,3920.27099609375,0.5770438705647394
hybrid,36,0.39797043196535636,8489.49232875559,4420.75732421875,0.48543508373344124
hybrid,37,0.39262892973937147,8511.968045052801,4381.669921875,0.4827069154738911
hybrid,38,0.3105534243742107,7486.19716545056,3749.379638671875,0.5998717253474608
hybrid,39,0.8442640752571755,11283.82842833052,5276.84375,0.09094605988090276
hybrid,40,0.26969264419291655,7224.059800416937,3579.41064453125,0.6274029645019581
